<?xml version="1.0" encoding="utf-8" ?>

<taglib>
  <name>Application log lib</name>
  <classname>Application</classname>
  <classpath>php.libs</classpath>
  <version>1.00</version>
  <count>*</count>
  <comment>
    Třída pro správu logu.
  </comment>
  <tag>
    <tagname>list</tagname>
    <function>listLogs</function>
    <attribute>
      <attname>useFrames</attname>
      <attreq>implied</attreq>
    </attribute>
    <attribute>
      <attname>showMsg</attname>
      <attreq>implied</attreq>
    </attribute>
    <comment>
      Zobrazí seznam logu.
    </comment>
  </tag>
  <tag>
    <tagname>log</tagname>
    <function>showLog</function>
    <attribute>
      <attname>useFrames</attname>
      <attreq>implied</attreq>
    </attribute>
    <attribute>
      <attname>showMsg</attname>
      <attreq>implied</attreq>
    </attribute>
    <comment>
      Zobrazí log.
    </comment>
  </tag>
</taglib>

