<?xml version="1.0" encoding="utf-8" ?>

<taglib>
  <name>Article Lib</name>
  <classname>Article</classname>
  <classpath>php.libs</classpath>
  <version>1.49</version>
  <count>*</count>
  <comment>
    Třída pro články.
  </comment>
  <tag>
    <tagname>showLine</tagname>
    <function>showLine</function>
    <attribute>
      <attname>lineId</attname>
      <attreq>required</attreq>
    </attribute>
    <attribute>
      <attname>template</attname>
      <attreq>implied</attreq>
    </attribute>
    <attribute>
      <attname>templateId</attname>
      <attreq>implied</attreq>
    </attribute>
    <attribute>
      <attname>pageId</attname>
      <attreq>implied</attreq>
    </attribute>
    <attribute>
      <attname>pageLangId</attname>
      <attreq>implied</attreq>
    </attribute>
    <attribute>
      <attname>articleLangId</attname>
      <attreq>implied</attreq>
    </attribute>
    <attribute>
      <attname>method</attname>
      <attreq>implied</attreq>
    </attribute>
    <attribute>
      <attname>sortBy</attname>
      <attreq>implied</attreq>
    </attribute>
    <attribute>
      <attname>sort</attname>
      <attreq>implied</attreq>
    </attribute>
    <attribute>
      <attname>noDataMessage</attname>
      <attreq>implied</attreq>
    </attribute>
    <attribute>
      <attname>limit</attname>
      <attreq>implied</attreq>
    </attribute>
    <attribute>
      <attname>visible</attname>
      <attreq>implied</attreq>
    </attribute>
    <attribute>
      <attname>labelIds</attname>
      <attreq>implied</attreq>
    </attribute>
    <attribute>
      <attname>pageable</attname>
      <attreq>implied</attreq>
      <attdef>false</attdef>
    </attribute>
    <comment>
      Vypíše všechny všechny články z řady. Pokud je zadáno pageId, je to stránka,
      na kterou povede odkaz na detail článku, method (static | dynamic) pak udává jesi
      má být použit dynamický překlad adres nebo předání parametrem.
      Musí být zadán buď template(deprecated) nebo templateId. Sort = asc ( default ) / desc.
	  LabelIds je čárkou oddělený seznam id štíků.
	  "pageable" pokud je true, pak se zobrazí stránkování (je vyžadován atribut limit[jakožto pageSize] a pageId!)
    </comment>
  </tag>
  <tag>
    <tagname>showRss</tagname>
    <function>showRssLine</function>
    <attribute>
      <attname>lineId</attname>
      <attreq>required</attreq>
    </attribute>
    <attribute>
      <attname>pageId</attname>
      <attreq>implied</attreq>
    </attribute>
    <attribute>
      <attname>articleLangId</attname>
      <attreq>implied</attreq>
    </attribute>
    <attribute>
      <attname>pageLangId</attname>
      <attreq>implied</attreq>
    </attribute>
    <attribute>
      <attname>method</attname>
      <attreq>implied</attreq>
    </attribute>
    <comment>
      Zobrazí řadu článků jako RSS dokument.
    </comment>
  </tag>
  <tag>
    <tagname>showDetail</tagname>
    <function>showDetail</function>
    <attribute>
      <attname>template</attname>
      <attreq>implied</attreq>
    </attribute>
    <attribute>
      <attname>templateId</attname>
      <attreq>implied</attreq>
    </attribute>
    <attribute>
      <attname>articleId</attname>
      <attreq>implied</attreq>
    </attribute>
    <attribute>
      <attname>articleLangId</attname>
      <attreq>implied</attreq>
    </attribute>
    <attribute>
      <attname>defaultArticleId</attname>
      <attreq>implied</attreq>
    </attribute>
    <attribute>
      <attname>showError</attname>
      <attreq>implied</attreq>
    </attribute>
    <attribute>
      <attname>lineId</attname>
      <attreq>implied</attreq>
      <attdef>0</attdef>
    </attribute>
    <attribute>
      <attname>nextLinkText</attname>
      <attreq>implied</attreq>
    </attribute>
    <attribute>
      <attname>prevLinkText</attname>
      <attreq>implied</attreq>
    </attribute>
    <comment>
      Zobrazí detail článku do templatu (atribut template, templateId). Parametr 'articleId' může být také zadán jako
      _REQUEST['article-id']. "lineId" je doplňující informace při novém použití article:url! (pro jednoznačnost výběru článku - není povinná, ale vhodná).
	  "nextLinkText" a "prevLinkText" jsou texty odkazů na další/předchozí článek (řazeno podle pořadí).
    </comment>
  </tag>
  <fulltag>
    <tagname>detail</tagname>
    <function>showDetailFullTag</function>
    <attribute>
      <attname>id</attname>
      <attreq>implied</attreq>
    </attribute>
    <attribute>
      <attname>articleLangId</attname>
      <attreq>implied</attreq>
    </attribute>
    <attribute>
      <attname>defaultArticleId</attname>
      <attreq>implied</attreq>
    </attribute>
    <attribute>
      <attname>showError</attname>
      <attreq>implied</attreq>
    </attribute>
    <attribute>
      <attname>lineId</attname>
      <attreq>implied</attreq>
      <attdef>0</attdef>
    </attribute>
    <attribute>
      <attname>nextLinkText</attname>
      <attreq>implied</attreq>
    </attribute>
    <attribute>
      <attname>prevLinkText</attname>
      <attreq>implied</attreq>
    </attribute>
    <comment>
      Zobrazí detail článku dle obsahu svého těla. Parametr 'id' může být také zadán jako
      _REQUEST['article-id']. "lineId" je doplňující informace při novém použití article:url! (pro jednoznačnost výběru článku - není povinná, ale vhodná).
	    "nextLinkText" a "prevLinkText" jsou texty odkazů na další/předchozí článek (řazeno podle pořadí).
    </comment>
  </fulltag>
  <tag>
    <tagname>labels</tagname>
    <function>showLabels</function>
    <attribute>
      <attname>templateId</attname>
      <attreq>required</attreq>
    </attribute>
    <attribute>
      <attname>articleId</attname>
      <attreq>implied</attreq>
    </attribute>
    <attribute>
      <attname>lineId</attname>
      <attreq>implied</attreq>
    </attribute>
    <attribute>
      <attname>languageId</attname>
      <attreq>implied</attreq>
    </attribute>
    <attribute>
      <attname>sortBy</attname>
      <attreq>implied</attreq>
    </attribute>
    <attribute>
      <attname>sort</attname>
      <attreq>implied</attreq>
    </attribute>
    <attribute>
      <attname>limit</attname>
      <attreq>implied</attreq>
    </attribute>
    <attribute>
      <attname>noDataMessage</attname>
      <attreq>implied</attreq>
    </attribute>
    <comment>
      Zobrazí seznam štítků, pokud je vyplněno lineId nebo articleId, pak jen štítky vstahující se ke článku nebo řadě.
      Pokud je nastaven 'languageId', vypisují se jen štítky, které mají vyplněnou danou jazykovou verzi.
      Pokud není, vypisují se všechny, ale je preferovaný jazyková verze.
    </comment>
  </tag>
  <tag>
    <tagname>label</tagname>
    <function>showLabel</function>
    <attribute>
      <attname>type</attname>
      <attreq>required</attreq>
    </attribute>
    <attribute>
      <attname>labelId</attname>
      <attreq>implied</attreq>
    </attribute>
    <comment>
      Zobrazí fíld štítku. Type může být: name, url, a id.
      Při zadání 'labelId' nepodporuje jazykové verze.
      Nutno použít uvnitř 'a:labels'!
    </comment>
  </tag>
  <tag>
    <tagname>compose</tagname>
    <function>composeUrl</function>
    <comment>
      Pro dynamický překlad adres. Zadanou cestu bude hledat mezi články (ve tvaru id-cokoli).
    </comment>
  </tag>
  <tag>
    <tagname>showManagement</tagname>
    <function>showManagement</function>
    <attribute>
      <attname>lineId</attname>
      <attreq>implied</attreq>
    </attribute>
    <attribute>
      <attname>detailPageId</attname>
      <attreq>implied</attreq>
    </attribute>
    <attribute>
      <attname>method</attname>
      <attreq>implied</attreq>
    </attribute>
    <attribute>
      <attname>useFrames</attname>
      <attreq>implied</attreq>
    </attribute>
    <attribute>
      <attname>newArticleButton</attname>
      <attreq>implied</attreq>
    </attribute>
    <attribute>
      <attname>labelFilter</attname>
      <attreq>implied</attreq>
    </attribute>
    <attribute>
      <attname>pageable</attname>
      <attreq>implied</attreq>
	    <attdef>false</attdef>
    </attribute>
    <attribute>
      <attname>customFormId</attname>
      <attreq>implied</attreq>
    </attribute>
    <comment>
      Správa článků. Argument 'lineId' může být předán přes _REQUEST['line-id'] nebo _SESSION['article-line-id'].
	    "pageable" umožňuje stránkování (vyžaduje pageId).

      Parametr 'customFormId' umožňuje smazat od článku instanci custom formuláře, který je vazbou 1:1 přivázaný ke článku.
      Musí obsahovat sloupce 'id' (výchozí) a 'language_id' (pro navázání na jazykovou verzi).
    </comment>
  </tag>
  <tag>
    <tagname>createArticle</tagname>
    <function>createArticle</function>
    <attribute>
      <attname>lineId</attname>
      <attreq>implied</attreq>
    </attribute>
    <attribute>
      <attname>detailPageId</attname>
      <attreq>implied</attreq>
    </attribute>
    <attribute>
      <attname>method</attname>
      <attreq>implied</attreq>
    </attribute>
    <attribute>
      <attname>useFrames</attname>
      <attreq>implied</attreq>
    </attribute>
    <attribute>
      <attname>showError</attname>
      <attreq>implied</attreq>
    </attribute>
    <comment>
      Form pro vytvoření nového článku.
    </comment>
  </tag>
  <tag>
    <tagname>setLine</tagname>
    <function>setLine</function>
    <attribute>
      <attname>method</attname>
      <attreq>implied</attreq>
    </attribute>
    <attribute>
      <attname>hideWhenOnlyOne</attname>
      <attreq>implied</attreq>
    </attribute>
    <attribute>
      <attname>showError</attname>
      <attreq>implied</attreq>
    </attribute>
    <attribute>
      <attname>useFrames</attname>
      <attreq>implied</attreq>
    </attribute>
    <comment>
      Zobrazí formulář pro nastavení line-id. Argument 'method' (get | post | session) určuje
      metodu jakou se má hodnota předat, defaultně 'post'. 
	  Pokud je k dispozici pouze jedna řada, automaticky se vybere.
	  Pokud "hideWhenOnlyOne" je true, pak když má uživatel k dispozici pouze jednu řadu, celý formulář se skryje.
    </comment>
  </tag>
  <tag>
    <tagname>showLines</tagname>
    <function>showLines</function>
    <attribute>
      <attname>editable</attname>
      <attreq>implied</attreq>
    </attribute>
    <attribute>
      <attname>detailPageId</attname>
      <attreq>implied</attreq>
    </attribute>
    <attribute>
      <attname>useFrames</attname>
      <attreq>implied</attreq>
    </attribute>
    <attribute>
      <attname>newLineButton</attname>
      <attreq>implied</attreq>
    </attribute>
    <comment>
      Vypíše všechny řady článků. Pokud je 'editable' "true", pak se zobrazí editační formuláře. 
    </comment>
  </tag>
  <tag>
    <tagname>showLabels</tagname>
    <function>showEditLabels</function>
    <attribute>
      <attname>useFrames</attname>
      <attreq>implied</attreq>
    </attribute>
    <comment>
      Zobrazí seznam štítků
    </comment>
  </tag>
  <tag>
    <tagname>showLabelEdit</tagname>
    <function>showEditLabelForm</function>
    <attribute>
      <attname>useFrames</attname>
      <attreq>implied</attreq>
    </attribute>
    <comment>
      Zobrazí formulář pro editaci štítku
    </comment>
  </tag>
  <tag>
    <tagname>createLine</tagname>
    <function>createLine</function>
    <attribute>
      <attname>detailPageId</attname>
      <attreq>implied</attreq>
    </attribute>
    <attribute>
      <attname>useFrames</attname>
      <attreq>implied</attreq>
    </attribute>
    <comment>
      Zobrazí formulář pro přidání řady článků. 
    </comment>
  </tag>
  <tag>
    <tagname>editArticle</tagname>
    <function>showEditForm</function>
    <attribute>
      <attname>useFrames</attname>
      <attreq>implied</attreq>
    </attribute>
    <attribute>
      <attname>submitPageId</attname>
      <attreq>implied</attreq>
    </attribute>
    <attribute>
      <attname>backPageId</attname>
      <attreq>implied</attreq>
    </attribute>
    <attribute>
      <attname>lineId</attname>
      <attreq>implied</attreq>
    </attribute>
    <attribute>
      <attname>customFormId</attname>
      <attreq>implied</attreq>
    </attribute>
    <attribute>
      <attname>customFormTemplateId</attname>
      <attreq>implied</attreq>
    </attribute>
    <attribute>
      <attname>supportedLanguageId</attname>
      <attreq>implied</attreq>
    </attribute>
    <comment>
      Zobrazí formulář pro editaci článku. 
      Pokud je vyplněný 'backPageId', zobrazí se tlačítka "Uložit a zpět" a "Zpět".
      Pokud je zadán 'lineId', se tato řada před vybere pro nový článek.

      Parametry 'customFormId' a 'customFormTemplateId' umožňují navázat ke článku instanci custom formuláře, který bude vazbou 1:1 přivázaný ke článku.
      Musí obsahovat sloupce 'id' (výchozí) a 'language_id' (pro navázání na jazykovou verzi).
      Formulář bude vložen za štítky, před hlavičku.

      Parametr 'supportedLanguageId' umožňuje omezit jazyky, které se budou nabízet.
    </comment>
  </tag>
  <tag>
    <tagname>editLine</tagname>
    <function>showEditLineForm</function>
    <attribute>
      <attname>useFrames</attname>
      <attreq>implied</attreq>
    </attribute>
    <attribute>
      <attname>submitPageId</attname>
      <attreq>implied</attreq>
    </attribute>
    <comment>
      Zobrazí formulář pro editaci řady článků. 
    </comment>
  </tag>
  <tag>
    <tagname>id</tagname>
    <function>showId</function>
    <comment>
      Zobrazí id.
    </comment>
  </tag>
  <tag>
    <tagname>date</tagname>
    <function>showDate</function>
    <attribute>
      <attname>format</attname>
      <attreq>implied</attreq>
    </attribute>
    <attribute>
      <attname>type</attname>
      <attreq>implied</attreq>
    </attribute>
    <comment>
      Zobrazí datum. "format" je formát. Pokud je "type" = "datetime", vypise field "datetime", tedy nastavitelne datum
    </comment>
  </tag>
  <tag>
    <tagname>time</tagname>
    <function>showTime</function>
    <attribute>
      <attname>format</attname>
      <attreq>implied</attreq>
    </attribute>
    <comment>
      Zobrazí čas. "format" je formát.
    </comment>
  </tag>
  <tag>
    <tagname>name</tagname>
    <function>showName</function>
    <comment>
      Zobrazí název.
    </comment>
  </tag>
  <tag>
    <tagname>keywords</tagname>
    <function>showKeywords</function>
    <comment>
      Zobrazí klíčová slova.
    </comment>
  </tag>
  <tag>
    <tagname>author</tagname>
    <function>showAuthor</function>
    <comment>
      Zobrazí autora.
    </comment>
  </tag>
  <tag>
    <tagname>head</tagname>
    <function>showHead</function>
    <comment>
      Zobrazí hlavičku.
    </comment>
  </tag>
  <tag>
    <tagname>content</tagname>
    <function>showContent</function>
    <comment>
      Zobrazí obsah.
    </comment>
  </tag>
  <tag>
    <tagname>link</tagname>
    <function>showLink</function>
    <comment>
      Zobrazí odkaz.
    </comment>
  </tag>
  <tag>
    <tagname>visible</tagname>
    <function>showVisible</function>
    <comment>
      Zobrazí "zobrazitelnost" článku.
    </comment>
  </tag>
  <property>
  	<propname>url</propname>
  	<setfunction>setUrl</setfunction>
  	<getfunction>getUrl</getfunction>
    <comment>
      Vrací / Nastavuje url článku
    </comment>
  </property>
  <property>
  	<propname>languageId</propname>
  	<setfunction>setArticleLanguageId</setfunction>
  	<getfunction>getArticleLanguageId</getfunction>
    <comment>
      Vrací / Nastavuje id jazyku článku
    </comment>
  </property>
  <property>
  	<propname>id</propname>
  	<setfunction>setArticleId</setfunction>
  	<getfunction>getArticleId</getfunction>
    <comment>
      Vrací / Nastavuje id článku
    </comment>
  </property>
  <property>
  	<propname>directoryId</propname>
  	<setfunction>setArticleDirectoryId</setfunction>
  	<getfunction>getArticleDirectoryId</getfunction>
    <comment>
      Vrací / Nastavuje id složky pro soubory článku
    </comment>
  </property>
  <property>
  	<propname>lineUrl</propname>
  	<setfunction>setLineUrl</setfunction>
  	<getfunction>getLineUrl</getfunction>
    <comment>
      Vrací / Nastavuje url řady článků
    </comment>
  </property>
  <property>
  	<propname>labelId</propname>
  	<setfunction>setLabelId</setfunction>
  	<getfunction>getLabelId</getfunction>
    <comment>
      Vrací / Nastavuje id štítku
    </comment>
  </property>
  <property>
  	<propname>labelUrl</propname>
  	<setfunction>setLabelUrl</setfunction>
  	<getfunction>getLabelUrl</getfunction>
    <comment>
      Vrací / Nastavuje url štítku
    </comment>
  </property>
  <property>
  	<propname>labelIsActive</propname>
  	<setfunction>setIsActiveLabel</setfunction>
  	<getfunction>getIsActiveLabel</getfunction>
    <comment>
      Vrací / Nastavuje zda aktuální štítek (uvnitř a:labels) je shodný si aktuální a:labelId pro daný request.
    </comment>
  </property>
  <property>
  	<propname>hasHead</propname>
  	<setfunction>setHasHead</setfunction>
  	<getfunction>getHasHead</getfunction>
    <comment>
      Vrací / Nastavuje, zda článek má vyplněnou hlavičku (strlen > 0)
    </comment>
  </property>
  <property>
  	<propname>hasContent</propname>
  	<setfunction>setHasContent</setfunction>
  	<getfunction>getHasContent</getfunction>
    <comment>
      Vrací / Nastavuje, zda článek má vyplněný obsah (strlen > 0)
    </comment>
  </property>
  <property>
  	<propname>isExternalUrl</propname>
  	<setfunction>setIsExternalUrl</setfunction>
  	<getfunction>getIsExternalUrl</getfunction>
    <comment>
      Vrací / Nastavuje, zda URL článku odkazuje na externí web.
    </comment>
  </property>
</taglib>

