<?xml version="1.0" encoding="utf-8" ?>

<taglib>
  <name>Default web lib</name>
  <classname>DefaultWeb</classname>
  <classpath>php.libs</classpath>
  <version>1.87</version>
  <count>1</count>
  <comment>
    Základní třída aplikace.
  </comment>
  <tag>
    <tagname>content</tagname>
    <function>getContent</function>
    <comment>
      Zobrazí obsah podstránky.
    </comment>
  </tag>
  <tag>
    <tagname>menu</tagname>
    <function>getMenu</function>
    <attribute>
      <attname>parentId</attname>
      <attreq>implied</attreq>
    </attribute>
    <attribute>
      <attname>inner</attname>
      <attreq>implied</attreq>
    </attribute>
    <attribute>
      <attname>classes</attname>
      <attreq>implied</attreq>
    </attribute>
    <attribute>
      <attname>rel</attname>
      <attreq>implied</attreq>
    </attribute>
    <attribute>
      <attname>template</attname>
      <attreq>implied</attreq>
    </attribute>
    <attribute>
      <attname>copyParameters</attname>
      <attreq>implied</attreq>
    </attribute>
    <comment>
      Vygeneruje menu stránek, kde: "parentId" je id kořenové stránky menu,
      "inner" je hloubka v noření menu, (př.: pro inner="1", zobrazí pouze jednu úroveň menu).
    </comment>
  </tag>
  <tag>
    <tagname>crumbMenu</tagname>
    <function>getCrumbMenu</function>
    <attribute>
      <attname>delimeter</attname>
      <attreq>required</attreq>
    </attribute>
    <comment>
      Vygeneruje drobečkovou nápovědu. Atribute 'delimenter' obsahuje znaky, 
      které bodou použity pro oddělení jednotlivých odkazů
    </comment>
  </tag>
  <tag>
    <tagname>cache</tagname>
    <function>cache</function>
    <attribute>
      <attname>allow</attname>
      <attreq>required</attreq>
    </attribute>
    <attribute>
      <attname>time</attname>
      <attreq>required</attreq>
    </attribute>
    <comment>
      Nastaví cachování v aplikaci.
    </comment>
  </tag>
  <tag>
    <tagname>inc</tagname>
    <function>includePage</function>
    <attribute>
      <attname>pageId</attname>
      <attreq>required</attreq>
    </attribute>
    <attribute>
      <attname>languageId</attname>
      <attreq>implied</attreq>
    </attribute>
    <attribute>
      <attname>notParseCTag</attname>
      <attreq>implied</attreq>
    </attribute>
    <attribute>
      <attname>whenLogged</attname>
      <attreq>implied</attreq>
    </attribute>
    <attribute>
      <attname>whenNotLogged</attname>
      <attreq>implied</attreq>
    </attribute>
    <comment>
      Vloží do stránky další stránku specifikovanou v "pageId". Pokud je nastaveno
      "languageId", zobrazí obsah stránky z dané jazykové verze, jinak zobrazen obsah
      podle aktuální jazykové verze. Pokud je nastaven atribut "notParseCTag" na "true",
      nebudou se ve vkládané stránce prasovat custom tagy.  
    </comment>
  </tag>
  <tag>
    <tagname>incTemplate</tagname>
    <function>includeTemplate</function>
    <attribute>
      <attname>templateId</attname>
      <attreq>required</attreq>
    </attribute>
    <attribute>
      <attname>whenLogged</attname>
      <attreq>implied</attreq>
    </attribute>
    <attribute>
      <attname>whenNotLogged</attname>
      <attreq>implied</attreq>
    </attribute>
    <attribute>
      <attname>browser</attname>
      <attreq>implied</attreq>
    </attribute>
    <comment>
      Vloží do stránky template.  
    </comment>
  </tag>
  <tag>
    <tagname>a</tagname>
    <function>makeAnchor</function>
    <attribute>
      <attname>pageId</attname>
      <attreq>required</attreq>
    </attribute>
    <attribute>
      <attname>text</attname>
      <attreq>implied</attreq>
    </attribute>
    <attribute>
      <attname>languageId</attname>
      <attreq>implied</attreq>
    </attribute>
    <attribute>
      <attname>class</attname>
      <attreq>implied</attreq>
    </attribute>
    <attribute>
      <attname>activeClass</attname>
      <attreq>implied</attreq>
    </attribute>
    <attribute>
      <attname>id</attname>
      <attreq>implied</attreq>
    </attribute>
    <attribute>
      <attname>target</attname>
      <attreq>implied</attreq>
    </attribute>
    <attribute>
      <attname>rel</attname>
      <attreq>implied</attreq>
    </attribute>
    <attribute>
      <attname>type</attname>
      <attreq>implied</attreq>
    </attribute>
    <comment>
      Vytvoří odkaz na stránku v aplikaci, "pageId" je id požadovaného stránky, 
      "text" je text v html odkazu, "languageId" je jazyková verze požadované
      stránky, defaultně aktuální jazyková verze. Zbytek jsou standartní html atributy.
      "type" = link(default) nebo button.
    </comment>
  </tag>
  <tag>
    <tagname>composeTextFileUrl</tagname>
    <function>composeTextFileUrl</function>
    <comment>
      Pro dynamický překlad adres u 'text file'.
    </comment>
  </tag>
  <tag>
    <tagname>textFile</tagname>
    <function>getTextFile</function>
    <attribute>
      <attname>type</attname>
      <attreq>required</attreq>
    </attribute>
    <attribute>
      <attname>fileId</attname>
      <attreq>implied</attreq>
    </attribute>
    <comment>
      Vrací 'text file' v binární podobě.
    </comment>
  </tag>
  <tag>
    <tagname>redirect</tagname>
    <function>redirect</function>
    <attribute>
      <attname>path</attname>
      <attreq>implied</attreq>
    </attribute>
    <comment>
      Přesměruje užívatele na externí odkaz.
    </comment>
  </tag>
  <tag>
    <tagname>redirectTo</tagname>
    <function>redirectTo</function>
    <attribute>
      <attname>pageId</attname>
      <attreq>required</attreq>
    </attribute>
    <attribute>
      <attname>langId</attname>
      <attreq>implied</attreq>
    </attribute>
    <attribute>
      <attname>browser</attname>
      <attreq>implied</attreq>
    </attribute>
    <attribute>
      <attname>ip</attname>
      <attreq>implied</attreq>
    </attribute>
    <comment>
      Přesměruje uživatele na danou stranku, pokud je zadán 'browser', přesměruje pouze uživatele
			používající odpovídající prohlížeč. Parametr IP: klientova ip adresa ( více odělených čárkou ). 
    </comment>
  </tag>
  <tag>
    <tagname>lang</tagname>
    <function>getLanguages</function>
    <attribute>
      <attname>homePage</attname>
      <attreq>implied</attreq>
    </attribute>
    <comment>
      Zobrazí odkazy na jednotlivé jazykové verze. Pokud je "homePage" true, pak 
      jsou tyto odkazy prokliky na domovskou stránku jazykové verze, jinak vede
      odkaz na odpovídající stranku dané jazykové verze stránce, aktuální.
    </comment>
  </tag>
  <tag>
    <tagname>redirectToRightLangVersion</tagname>
    <function>redirectToRightLangVersion</function>
    <attribute>
      <attname>default</attname>
      <attreq>required</attreq>
    </attribute>
    <attribute>
      <attname>pageId</attname>
      <attreq>implied</attreq>
    </attribute>
    <comment>
      Přesměruje uživatele na jeho jazykovou verzi, pokud neexistuje použije tu 
      zadanou v default, pageId je id stránky pro přesměrování.
    </comment>
  </tag>
  <tag>
    <tagname>pair</tagname>
    <function>makePair</function>
    <attribute>
      <attname>property</attname>
      <attreq>requierd</attreq>
    </attribute>
    <attribute>
      <attname>scope</attname>
      <attreq>implied</attreq>
    </attribute>
    <comment>
      Nastaví podle UID PROPERTY v příslušném SCOPE (get, post, session, request).
    </comment>
  </tag>
  <tag>
    <tagname>time</tagname>
    <function>showTimestamp</function>
    <comment>
      Zobrazí aktuální timestamp.
    </comment>
  </tag>
  <tag>
    <tagname>version</tagname>
    <function>getVersion</function>
    <comment>
      Zobrazí web framework version.
    </comment>
  </tag>
  <tag>
    <tagname>cmsVersion</tagname>
    <function>getCmsVersion</function>
    <comment>
      Zobrazí cms framework version.
    </comment>
  </tag>
  <tag>
    <tagname>yearsFrom</tagname>
    <function>getYearsFrom</function>
    <attribute>
      <attname>year</attname>
      <attreq>required</attreq>
    </attribute>
    <comment>
      Zobrazí rozmezí zadaného roku a letošního roku.
    </comment>
  </tag>
  <tag>
    <tagname>lastPageUpdate</tagname>
    <function>getLastPageUpdate</function>
    <comment>
      Zobrazí čas a datum poslední úpravy stránky.
    </comment>
  </tag>
  <tag>
    <tagname>systemPropertyValue</tagname>
    <function>getSystemPropertyValue</function>
    <attribute>
      <attname>name</attname>
      <attreq>required</attreq>
    </attribute>
    <comment>
      Vrátí hodnotu systémové proměnné.
    </comment>
  </tag>
  <tag>
    <tagname>getProperty</tagname>
    <function>getProperty</function>
    <attribute>
      <attname>name</attname>
      <attreq>required</attreq>
    </attribute>
    <comment>
      Vrátí hodnotu dané proměnné.
    </comment>
  </tag>
  <tag>
    <tagname>setProperty</tagname>
    <function>setProperty</function>
    <attribute>
      <attname>prefix</attname>
      <attreq>required</attreq>
    </attribute>
    <attribute>
      <attname>name</attname>
      <attreq>required</attreq>
    </attribute>
    <attribute>
      <attname>value</attname>
      <attreq>required</attreq>
    </attribute>
    <comment>
      Nastaví hodnotu dané proměnné.
    </comment>
  </tag>
  <fulltag>
    <tagname>frame</tagname>
    <function>getWebFrame</function>
    <attribute>
      <attname>title</attname>
      <attreq>required</attreq>
    </attribute>
    <attribute>
      <attname>open</attname>
      <attreq>implied</attreq>
    </attribute>
    <comment>
      Zobrazí rámec jako je používaný v RS.
    </comment>
  </fulltag>
  <tag>
    <tagname>genRandNum</tagname>
    <function>generateRandomNumber</function>
    <attribute>
      <attname>min</attname>
      <attreq>implied</attreq>
    </attribute>
    <attribute>
      <attname>max</attname>
      <attreq>implied</attreq>
    </attribute>
    <comment>
      Nastaví session hodnotu na náhodné číslo [mezi min a max pokud jsou zadané].
    </comment>
  </tag>
  <tag>
    <tagname>static</tagname>
    <function>showStaticText</function>
    <attribute>
      <attname>value</attname>
      <attreq>required</attreq>
    </attribute>
    <attribute>
      <attname>lang</attname>
      <attreq>required</attreq>
    </attribute>
    <comment>
      Zobrazí text (value) pokud se jedná o danou jazykovou verzi (this->LanguageName == lang)
    </comment>
  </tag>
  <tag>
    <tagname>plain</tagname>
    <function>plainFunction</function>
    <comment>
      Testovací tag.
    </comment>
  </tag>
  <fulltag>
    <tagname>condition</tagname>
    <function>showWhenConditionIsSatified</function>
    <attribute>
      <attname>when</attname>
      <attreq>required</attreq>
    </attribute>
    <attribute>
      <attname>isInverted</attname>
      <attreq>optional</attreq>
    </attribute>
    <comment>
      Zobrazí svůj obsah pokud je atribut "condition" hodnoty true (bool nebo string).
      Pomocí "isInverted" je možné podmínku otočit.
    </comment>
  </fulltag>
  <property>
  	<propname>currentPage</propname>
  	<getfunction>getCurrentPage</getfunction>
    <comment>
      Vrátí ID aktuální stránky. V průběhu renderování
    </comment>
  </property>
  <property>
  	<propname>currentPageName</propname>
  	<setfunction>setCurrentPageName</setfunction>
  	<getfunction>getCurrentPageName</getfunction>
    <comment>
      Vrátí název aktuální stránky. V průběhu renderování
    </comment>
  </property>
  <property>
  	<propname>currentPageTitle</propname>
  	<setfunction>setCurrentPageTitle</setfunction>
  	<getfunction>getCurrentPageTitle</getfunction>
    <comment>
      Vrátí titulek aktuální stránky. V průběhu renderování
    </comment>
  </property>
  <property>
  	<propname>lastPageName</propname>
  	<setfunction>setLastPageName</setfunction>
  	<getfunction>getLastPageName</getfunction>
    <comment>
      Vrátí název poslední stránky, která se má renderovat (té, co již neobsahuje web:content)
    </comment>
  </property>
  <property>
  	<propname>lastPageTitle</propname>
  	<setfunction>setLastPageTitle</setfunction>
  	<getfunction>getLastPageTitle</getfunction>
    <comment>
      Vrátí titulek poslední stránky, která se má renderovat (té, co již neobsahuje web:content)
    </comment>
  </property>
  <property>
  	<propname>childPage</propname>
  	<setfunction>setChildPage</setfunction>
  	<getfunction>getChildPage</getfunction>
    <comment>
      Vrátí ID další vykreslované stránky. Pokud bude PAGES={1,2,3,4}, a aktuálně se bude vykreslovat stránka ID=3, pak property web:childPage bude mít hodnotu 4.
    </comment>
  </property>
  <property>
  	<propname>currentTime</propname>
  	<setfunction>setCurrentTime</setfunction>
  	<getfunction>getCurrentTime</getfunction>
    <comment>
      Vrátí aktuální čas (timestamp)
    </comment>
  </property>
  <property>
  	<propname>randNum</propname>
  	<setfunction>setRandomNumber</setfunction>
  	<getfunction>getRandomNumber</getfunction>
    <comment>
      Vrácí / Nastavuje náhodné číslo v session, pro nastavení lépe použít web:genRandNum
    </comment>
  </property>
  <property>
  	<propname>isInsideForm</propname>
  	<setfunction>setIsInsideForm</setfunction>
  	<getfunction>getIsInsideForm</getfunction>
    <comment>
      Vrácí / Nastavuje zda se aktuálně nacházíme uvnitř formuláře (při generování obsahu, například uvnitř šablony a pod).
    </comment>
  </property>
  <property>
  	<propname>lastPageId</propname>
  	<getfunction>getLastPageId</getfunction>
    <comment>
      Vrácí id aktuální stránky (té poslední pro aktuální request).
    </comment>
  </property>
</taglib>

