<?xml version="1.0" encoding="utf-8" ?>

<taglib>
  <name>Form lib</name>
  <classname>Form</classname>
  <classpath>php.libs</classpath>
  <version>1.00</version>
  <count>*</count>
  <comment>
    Formuláře
  </comment>
  <tag>
    <tagname>form1</tagname>
    <function>orderForm1</function>
    <comment>
      Objednávkový formulář 1.
    </comment>
  </tag>
  <tag>
    <tagname>form2</tagname>
    <function>orderForm2</function>
    <comment>
      Objednávkový formulář 2.
    </comment>
  </tag>
  <tag>
    <tagname>order1</tagname>
    <function>showOrder1</function>
    <attribute>
      <attname>detailPageId</attname>
      <attreq>implied</attreq>
    </attribute>
    <comment>
      Výpis: Objednávkový formulář 1.
    </comment>
  </tag>
  <tag>
    <tagname>order2</tagname>
    <function>showOrder2</function>
    <attribute>
      <attname>detailPageId</attname>
      <attreq>implied</attreq>
    </attribute>
    <comment>
      Výpis: Objednávkový formulář 2.
    </comment>
  </tag>
  <tag>
    <tagname>order1Detail</tagname>
    <function>showOrder1Detail</function>
    <comment>
      Detail: Objednávky 1.
    </comment>
  </tag>
  <tag>
    <tagname>order2Detail</tagname>
    <function>showOrder2Detail</function>
    <comment>
      Detail: Objednávky 2.
    </comment>
  </tag>
</taglib>