<?xml version="1.0" encoding="utf-8" ?>

<taglib>
  <name>Hint Lib</name>
  <classname>Hint</classname>
  <classpath>php.libs</classpath>
  <version>1.01</version>
  <count>*</count>
  <comment>
    Třída nápovědy pro custom tagy.
  </comment>
  <tag>
    <tagname>lib</tagname>
    <function>showHintForLib</function>
    <attribute>
      <attname>classPath</attname>
      <attreq>implied</attreq>
    </attribute>
    <attribute>
      <attname>useFrames</attname>
      <attreq>implied</attreq>
    </attribute>
    <attribute>
      <attname>showMsg</attname>
      <attreq>implied</attreq>
    </attribute>
    <comment>
      Zobrazí nápovědu pro vybranou knihovnu.
    </comment>
  </tag>
  <tag>
    <tagname>selectLib</tagname>
    <function>selectClassPath</function>
    <attribute>
      <attname>useFrames</attname>
      <attreq>implied</attreq>
    </attribute>
    <attribute>
      <attname>showMsg</attname>
      <attreq>implied</attreq>
    </attribute>
    <comment>
      Zobrazí formulář pro výběr knihovny.
    </comment>
  </tag>
  <tag>
    <tagname>propertyList</tagname>
    <function>getPropertyList</function>
    <attribute>
      <attname>useFrames</attname>
      <attreq>implied</attreq>
    </attribute>
    <comment>
      Zobrazí seznam vlastnotí uživatelského rozhraní
    </comment>
  </tag>
  <property>
  	<propname>classPath</propname>
  	<setfunction>setPropClassPath</setfunction>
  	<getfunction>getPropClassPath</getfunction>
    <comment>
      Vlastnost classPath pro výběr knihovny.
    </comment>
  </property>
</taglib>

