<?xml version="1.0" encoding="utf-8" ?>

<taglib>
  <name>Js Lib</name>
  <classname>Js</classname>
  <classpath>php.libs</classpath>
  <version>1.03</version>
  <count>*</count>
  <comment>
    Třída pro systémové javascripty.
  </comment>
  <tag>
    <tagname>resources</tagname>
    <function>addResourcesToPage</function>
    <attribute>
      <attname>names</attname>
      <attreq>required</attreq>
    </attribute>
    <attribute>
      <attname>type</attname>
      <attreq>required</attreq>
    </attribute>
    <attribute>
      <attname>as</attname>
      <attreq>implied</attreq>
    </attribute>
    <comment>
      Vkládá do stránky skripty z scripts/js, "names" je seznam jmen bez koncovky oddělený čárkami, 
			"type" definuje jestli se jednaá o "css" (Cascade StyleSheet) nebo "js" (Javascript),
			"as" může být buď "resource" (default), nebo "inline", podle tohoto atributu se buď vloži odkazy na skripty nebo přímo inline obsah skriptů do stránky.
    </comment>
  </tag>
  <tag>
    <tagname>cmsResources</tagname>
    <function>getCmsResources</function>
    <attribute>
      <attname>useWindows</attname>
      <attreq>required</attreq>
    </attribute>
    <comment>
      Vkládá do stránky zdroje pro cms, pokud je useWindows true, pak vloží verzi pro windows cms.
    </comment>
  </tag>
  <tag>
    <tagname>ajaxWeb</tagname>
    <function>getAjaxWeb</function>
    <attribute>
      <attname>webContentRootElId</attname>
      <attreq>required</attreq>
    </attribute>
    <attribute>
      <attname>rootPageId</attname>
      <attreq>required</attreq>
    </attribute>
    <attribute>
      <attname>message</attname>
      <attreq>implied</attreq>
    </attribute>
    <comment>
      Vloří do stránky potřebný skripty pro ajax fukčnost, "webContentRootElId" je id hmtl element pro vkladání obsahu, 
			vše mimo něj zůstane neměnné. "rootPageId" je id stránky od které se bude na serveru stránka vykreslovat.
			!!! Nezpracovává formuláře !!!
    </comment>
  </tag>
</taglib>

