<?xml version="1.0" encoding="utf-8" ?>

<taglib>
  <name>Page Lib</name>
  <classname>Page</classname>
  <classpath>php.libs</classpath>
  <version>1.55</version>
  <count>*</count>
  <comment>
    Třída pro správu obsahu jednotlivých stránek.
  </comment>
  <tag>
    <tagname>showEditPage</tagname>
    <function>showEditPage</function>
    <attribute>
      <attname>pageId</attname>
      <attreq>implied</attreq>
      <attdef>0</attdef>
    </attribute>
    <attribute>
      <attname>langId</attname>
      <attreq>implied</attreq>
      <attdef>0</attdef>
    </attribute>
    <comment>
      Zobrazí formulář pro editaci vybrané stránky.
    </comment>
  </tag>
  <tag>
    <tagname>showList</tagname>
    <function>showPages</function>
    <attribute>
      <attname>editable</attname>
      <attreq>implied</attreq>
    </attribute>
    <comment>
      Zobrazí kompletní administrační výpis stránek. Navazující prvek pro editaci je <strong>showEditPage</strong>.
    </comment>
  </tag>
  <tag>
    <tagname>pageProperties</tagname>
    <function>managePageProperties</function>
    <attribute>
      <attname>useFrames</attname>
      <attreq>implied</attreq>
      <attdef>true</attdef>
    </attribute>
    <comment>
      Zobrazí správu výchozích vlastností stránky.
    </comment>
  </tag>
  <tag>
    <tagname>showFiles</tagname>
    <function>showPageFiles</function>
    <attribute>
      <attname>editable</attname>
      <attreq>implied</attreq>
    </attribute>
    <comment>
      Zobrazí kompletní administrační výpis souborů .Navazující prvek pro editaci je <strong>showEditPage</strong>.
    </comment>
  </tag>
  <tag>
    <tagname>showEditFile</tagname>
    <function>showEditPageFile</function>
    <comment>
      Zobrazí formulář pro editaci vzbraného souboru.
    </comment>
  </tag>
  <tag>
    <tagname>clearUrlCache</tagname>
    <function>clearUrlCache</function>
    <comment>
      Vyprázdní url cache.
    </comment>
  </tag>
  <tag>
    <tagname>manageUrlCache</tagname>
    <function>manageUrlCache</function>
    <comment>
      Práce s url cachí.
    </comment>
  </tag>
  <tag>
    <tagname>updateKeywords</tagname>
    <function>updateKeywords</function>
    <comment>
      Spravuje keywords pro celé webové aplikace.
    </comment>
  </tag>
  <tag>
    <tagname>updateRobots</tagname>
    <function>updateRobots</function>
    <comment>
      Spravuje robots.txt
    </comment>
  </tag>
  <tag>
    <tagname>showLanguages</tagname>
    <function>showLanguages</function>
    <attribute>
      <attname>editable</attname>
      <attreq>implied</attreq>
    </attribute>
    <comment>
      Zobrazí jazykové verze, pokud je editable true, zobrazí formulář na mazání.
    </comment>
  </tag>
  <tag>
    <tagname>showTemplates</tagname>
    <function>showTemplates</function>
    <attribute>
      <attname>detailPageId</attname>
      <attreq>implied</attreq>
    </attribute>
    <attribute>
      <attname>useFrames</attname>
      <attreq>implied</attreq>
    </attribute>
    <attribute>
      <attname>showError</attname>
      <attreq>implied</attreq>
    </attribute>
    <comment>
      Zobrazí výpis templatů.
    </comment>
  </tag>
  <tag>
    <tagname>editTemplate</tagname>
    <function>showEditTemplateForm</function>
    <attribute>
      <attname>submitPageId</attname>
      <attreq>implied</attreq>
    </attribute>
    <attribute>
      <attname>useFrames</attname>
      <attreq>implied</attreq>
    </attribute>
    <attribute>
      <attname>showError</attname>
      <attreq>implied</attreq>
    </attribute>
    <comment>
      Zobrazí editaci jednotlivého templatu.
    </comment>
  </tag>
  <tag>
    <tagname>showEmbeddedResources</tagname>
    <function>showEmbeddedResources</function>
    <attribute>
      <attname>useFrames</attname>
      <attreq>implied</attreq>
    </attribute>
    <comment>
      Zobrazí výpis "EmbeddedResource"
    </comment>
  </tag>
  <tag>
    <tagname>editEmbeddedResource</tagname>
    <function>showEditEmbeddedResourceFrom</function>
    <attribute>
      <attname>useFrames</attname>
      <attreq>implied</attreq>
    </attribute>
    <comment>
      Zobrazí editaci "EmbeddedResource"
    </comment>
  </tag>
  <tag>
    <tagname>showWebForwards</tagname>
    <function>showWebForwards</function>
    <attribute>
      <attname>useFrames</attname>
      <attreq>implied</attreq>
    </attribute>
    <comment>
      Zobrazí výpis "WebForwards"
    </comment>
  </tag>
  <tag>
    <tagname>editWebForward</tagname>
    <function>showEditWebForwardFrom</function>
    <attribute>
      <attname>useFrames</attname>
      <attreq>implied</attreq>
    </attribute>
    <comment>
      Zobrazí editaci "WebForward"
    </comment>
  </tag>
</taglib>

