<?xml version="1.0" encoding="utf-8" ?>

<taglib>
  <name>PageNG Lib</name>
  <classname>PageNG</classname>
  <classpath>php.libs</classpath>
  <version>1.00</version>
  <count>*</count>
  <comment>
    Třída pro správu obsahu jednotlivých stránek.
  </comment>
  <tag>
    <tagname>selectLanguage</tagname>
    <function>selectLanguage</function>
    <attribute>
      <attname>useFrames</attname>
      <attreq>implied</attreq>
    </attribute>
    <attribute>
      <attname>showMsg</attname>
      <attreq>implied</attreq>
    </attribute>
    <comment>
      Zobrazí formulář pro výběr jazykové verze.
    </comment>
  </tag>
  <tag>
    <tagname>listPages</tagname>
    <function>listPages</function>
    <attribute>
      <attname>templateId</attname>
      <attreq>required</attreq>
    </attribute>
    <attribute>
      <attname>rootPageId</attname>
      <attreq>required</attreq>
    </attribute>
    <attribute>
      <attname>webProjectId</attname>
      <attreq>required</attreq>
    </attribute>
    <attribute>
      <attname>langId</attname>
      <attreq>required</attreq>
    </attribute>
    <attribute>
      <attname>useFrames</attname>
      <attreq>implied</attreq>
    </attribute>
    <attribute>
      <attname>showMsg</attname>
      <attreq>implied</attreq>
    </attribute>
    <comment>
      Zobrazí všechny stránky, ke kterým má uživatel právo zápis.
    </comment>
  </tag>
  <tag>
    <tagname>searchFilter</tagname>
    <function>searchFilter</function>
    <attribute>
      <attname>templateId</attname>
      <attreq>required</attreq>
    </attribute>
    <attribute>
      <attname>useFrames</attname>
      <attreq>implied</attreq>
    </attribute>
    <attribute>
      <attname>showMsg</attname>
      <attreq>implied</attreq>
    </attribute>
    <comment>
      Zobrazí filtr pro vyhledávání stránek
    </comment>
  </tag>
  <tag>
    <tagname>detailBefore</tagname>
    <function>pageDetailBeforeForm</function>
    <comment>
      Nastaví proměnné pro starý detail form podle requestu. Umístit před detail form.
    </comment>
  </tag>
  <tag>
    <tagname>detailAfter</tagname>
    <function>pageDetailAfterForm</function>
    <attribute>
      <attname>backPageId</attname>
      <attreq>implied</attreq>
    </attribute>
    <comment>
      Nastaví proměnné pro starý detail form podle requestu. Umístit před detail form.
    </comment>
  </tag>
  <tag>
    <tagname>name</tagname>
    <function>pageName</function>
    <attribute>
      <attname>type</attname>
      <attreq>required</attreq>
    </attribute>
    <attribute>
      <attname>pageId</attname>
      <attreq>implied</attreq>
    </attribute>
    <attribute>
      <attname>langId</attname>
      <attreq>implied</attreq>
    </attribute>
    <attribute>
      <attname>ignore</attname>
      <attreq>implied</attreq>
    </attribute>
    <comment>
      Název stránky, pokud je "type" nastaven na "input", zobrazí input[type=text] i s labelem, pokud je nastaven na "value", zobrazí pouze hodnotu.
      Atributy "pageId" a "langId" jsou povinne pouze pro type = "value". Pokud je "ignore" = "true", ignoruje se při type = "input" hodnota v _SESSION. 
    </comment>
  </tag>
  <tag>
    <tagname>pageurl</tagname>
    <function>pageUrl</function>
    <attribute>
      <attname>type</attname>
      <attreq>required</attreq>
    </attribute>
    <attribute>
      <attname>pageId</attname>
      <attreq>implied</attreq>
    </attribute>
    <attribute>
      <attname>langId</attname>
      <attreq>implied</attreq>
    </attribute>
    <attribute>
      <attname>ignore</attname>
      <attreq>implied</attreq>
    </attribute>
    <comment>
      Url stránky, pokud je "type" nastaven na "input", zobrazí input[type=text] i s labelem, pokud je nastaven na "value", zobrazí pouze hodnotu.
      Atributy "pageId" a "langId" jsou povinne pouze pro type = "value". Pokud je "ignore" = "true", ignoruje se při type = "input" hodnota v _SESSION. 
    </comment>
  </tag>
  <tag>
    <tagname>id</tagname>
    <function>pageId</function>
    <attribute>
      <attname>type</attname>
      <attreq>required</attreq>
    </attribute>
    <attribute>
      <attname>pageId</attname>
      <attreq>implied</attreq>
    </attribute>
    <attribute>
      <attname>langId</attname>
      <attreq>implied</attreq>
    </attribute>
    <attribute>
      <attname>ignore</attname>
      <attreq>implied</attreq>
    </attribute>
    <comment>
      Id stránky, pokud je "type" nastaven na "input", zobrazí input[type=text] i s labelem, pokud je nastaven na "value", zobrazí pouze hodnotu.
      Atributy "pageId" a "langId" jsou povinne pouze pro type = "value". Pokud je "ignore" = "true", ignoruje se při type = "input" hodnota v _SESSION. 
    </comment>
  </tag>
  <tag>
    <tagname>keywords</tagname>
    <function>pageKeywords</function>
    <attribute>
      <attname>type</attname>
      <attreq>required</attreq>
    </attribute>
    <attribute>
      <attname>pageId</attname>
      <attreq>implied</attreq>
    </attribute>
    <attribute>
      <attname>langId</attname>
      <attreq>implied</attreq>
    </attribute>
    <attribute>
      <attname>ignore</attname>
      <attreq>implied</attreq>
    </attribute>
    <comment>
      Klíčová slova stránky, pokud je "type" nastaven na "input", zobrazí input[type=text] i s labelem, pokud je nastaven na "value", zobrazí pouze hodnotu.
      Atributy "pageId" a "langId" jsou povinne pouze pro type = "value". Pokud je "ignore" = "true", ignoruje se při type = "input" hodnota v _SESSION. 
    </comment>
  </tag>
  <tag>
    <tagname>timestamp</tagname>
    <function>pageTimestamp</function>
    <attribute>
      <attname>type</attname>
      <attreq>required</attreq>
    </attribute>
    <attribute>
      <attname>pageId</attname>
      <attreq>implied</attreq>
    </attribute>
    <attribute>
      <attname>langId</attname>
      <attreq>implied</attreq>
    </attribute>
    <attribute>
      <attname>ignore</attname>
      <attreq>implied</attreq>
    </attribute>
    <attribute>
      <attname>format</attname>
      <attreq>implied</attreq>
    </attribute>
    <comment>
      Čas změny stránky, pokud je "type" nastaven na "input", zobrazí input[type=text] i s labelem, pokud je nastaven na "value", zobrazí pouze hodnotu.
      Atributy "pageId" a "langId" jsou povinne pouze pro type = "value". Pokud je "ignore" = "true", ignoruje se při type = "input" hodnota v _SESSION.
			Format určuje formát výstupu ( pro "type" = "input" ) dle php standartu. 
    </comment>
  </tag>
  <tag>
    <tagname>cachetime</tagname>
    <function>pageCachetime</function>
    <attribute>
      <attname>type</attname>
      <attreq>required</attreq>
    </attribute>
    <attribute>
      <attname>pageId</attname>
      <attreq>implied</attreq>
    </attribute>
    <attribute>
      <attname>langId</attname>
      <attreq>implied</attreq>
    </attribute>
    <attribute>
      <attname>ignore</attname>
      <attreq>implied</attreq>
    </attribute>
    <attribute>
      <attname>verbous</attname>
      <attreq>implied</attreq>
    </attribute>
    <comment>
      Doba cache stránky, pokud je "type" nastaven na "input", zobrazí input[type=text] i s labelem, pokud je nastaven na "value", zobrazí pouze hodnotu.
      Atributy "pageId" a "langId" jsou povinne pouze pro type = "value". Pokud je "ignore" = "true", ignoruje se při type = "input" hodnota v _SESSION.
			Pokud je "verbous" = "true", vraci textovou podobu pro zvoleny jazyk, defaultně "false".
    </comment>
  </tag>
  <tag>
    <tagname>tlstart</tagname>
    <function>pageTagLibStart</function>
    <attribute>
      <attname>type</attname>
      <attreq>required</attreq>
    </attribute>
    <attribute>
      <attname>pageId</attname>
      <attreq>implied</attreq>
    </attribute>
    <attribute>
      <attname>langId</attname>
      <attreq>implied</attreq>
    </attribute>
    <attribute>
      <attname>ignore</attname>
      <attreq>implied</attreq>
    </attribute>
    <comment>
      Tag Lib Start stránky, pokud je "type" nastaven na "input", zobrazí input[type=text] i s labelem, pokud je nastaven na "value", zobrazí pouze hodnotu.
      Atributy "pageId" a "langId" jsou povinne pouze pro type = "value". Pokud je "ignore" = "true", ignoruje se při type = "input" hodnota v _SESSION. 
    </comment>
  </tag>
  <tag>
    <tagname>tlend</tagname>
    <function>pageTagLibEnd</function>
    <attribute>
      <attname>type</attname>
      <attreq>required</attreq>
    </attribute>
    <attribute>
      <attname>pageId</attname>
      <attreq>implied</attreq>
    </attribute>
    <attribute>
      <attname>langId</attname>
      <attreq>implied</attreq>
    </attribute>
    <attribute>
      <attname>ignore</attname>
      <attreq>implied</attreq>
    </attribute>
    <comment>
      Tag Lib End stránky, pokud je "type" nastaven na "input", zobrazí input[type=text] i s labelem, pokud je nastaven na "value", zobrazí pouze hodnotu.
      Atributy "pageId" a "langId" jsou povinne pouze pro type = "value". Pokud je "ignore" = "true", ignoruje se při type = "input" hodnota v _SESSION. 
    </comment>
  </tag>
  <tag>
    <tagname>head</tagname>
    <function>pageHead</function>
    <attribute>
      <attname>type</attname>
      <attreq>required</attreq>
    </attribute>
    <attribute>
      <attname>pageId</attname>
      <attreq>implied</attreq>
    </attribute>
    <attribute>
      <attname>langId</attname>
      <attreq>implied</attreq>
    </attribute>
    <attribute>
      <attname>ignore</attname>
      <attreq>implied</attreq>
    </attribute>
    <comment>
      Hlavčka stránky, pokud je "type" nastaven na "input", zobrazí input[type=text] i s labelem, pokud je nastaven na "value", zobrazí pouze hodnotu.
      Atributy "pageId" a "langId" jsou povinne pouze pro type = "value". Pokud je "ignore" = "true", ignoruje se při type = "input" hodnota v _SESSION. 
    </comment>
  </tag>
  <tag>
    <tagname>content</tagname>
    <function>pageContent</function>
    <attribute>
      <attname>type</attname>
      <attreq>required</attreq>
    </attribute>
    <attribute>
      <attname>pageId</attname>
      <attreq>implied</attreq>
    </attribute>
    <attribute>
      <attname>langId</attname>
      <attreq>implied</attreq>
    </attribute>
    <attribute>
      <attname>ignore</attname>
      <attreq>implied</attreq>
    </attribute>
    <comment>
      Obsah stránky, pokud je "type" nastaven na "input", zobrazí input[type=text] i s labelem, pokud je nastaven na "value", zobrazí pouze hodnotu.
      Atributy "pageId" a "langId" jsou povinne pouze pro type = "value". Pokud je "ignore" = "true", ignoruje se při type = "input" hodnota v _SESSION. 
    </comment>
  </tag>
  <tag>
    <tagname>inTitle</tagname>
    <function>pageInTitle</function>
    <attribute>
      <attname>type</attname>
      <attreq>required</attreq>
    </attribute>
    <attribute>
      <attname>pageId</attname>
      <attreq>implied</attreq>
    </attribute>
    <attribute>
      <attname>langId</attname>
      <attreq>implied</attreq>
    </attribute>
    <attribute>
      <attname>ignore</attname>
      <attreq>implied</attreq>
    </attribute>
    <comment>
      Vrátí zda je stránka v "title", pokud je "type" nastaven na "input", zobrazí input[type=text] i s labelem, pokud je nastaven na "value", zobrazí pouze hodnotu.
      Atributy "pageId" a "langId" jsou povinne pouze pro type = "value". Pokud je "ignore" = "true", ignoruje se při type = "input" hodnota v _SESSION. 
    </comment>
  </tag>
  <tag>
    <tagname>inMenu</tagname>
    <function>pageInMenu</function>
    <attribute>
      <attname>type</attname>
      <attreq>required</attreq>
    </attribute>
    <attribute>
      <attname>pageId</attname>
      <attreq>implied</attreq>
    </attribute>
    <attribute>
      <attname>langId</attname>
      <attreq>implied</attreq>
    </attribute>
    <attribute>
      <attname>ignore</attname>
      <attreq>implied</attreq>
    </attribute>
    <comment>
      Vrátí zda je stránka v menu, pokud je "type" nastaven na "input", zobrazí input[type=text] i s labelem, pokud je nastaven na "value", zobrazí pouze hodnotu.
      Atributy "pageId" a "langId" jsou povinne pouze pro type = "value". Pokud je "ignore" = "true", ignoruje se při type = "input" hodnota v _SESSION. 
    </comment>
  </tag>
  <tag>
    <tagname>isVisible</tagname>
    <function>pageIsVisible</function>
    <attribute>
      <attname>type</attname>
      <attreq>required</attreq>
    </attribute>
    <attribute>
      <attname>pageId</attname>
      <attreq>implied</attreq>
    </attribute>
    <attribute>
      <attname>langId</attname>
      <attreq>implied</attreq>
    </attribute>
    <attribute>
      <attname>ignore</attname>
      <attreq>implied</attreq>
    </attribute>
    <comment>
      Vrátí zda je stránka viditelná na webu, pokud je "type" nastaven na "input", zobrazí input[type=text] i s labelem, pokud je nastaven na "value", zobrazí pouze hodnotu.
      Atributy "pageId" a "langId" jsou povinne pouze pro type = "value". Pokud je "ignore" = "true", ignoruje se při type = "input" hodnota v _SESSION. 
    </comment>
  </tag>
  <tag>
    <tagname>rightRead</tagname>
    <function>pageRightRead</function>
    <attribute>
      <attname>type</attname>
      <attreq>required</attreq>
    </attribute>
    <attribute>
      <attname>pageId</attname>
      <attreq>implied</attreq>
    </attribute>
    <attribute>
      <attname>langId</attname>
      <attreq>implied</attreq>
    </attribute>
    <attribute>
      <attname>verbous</attname>
      <attreq>implied</attreq>
    </attribute>
    <comment>
      Vrátí práva pro čtení stránky, pokud je nastaven na "value", vrátí pouze id skupin.
      Atributy "pageId" a "langId" jsou povinne pouze pro type = "value". 
			Pokud je "verbous" = "true", vraci textovou podobu pro zvoleny jazyk, defaultně "false".
    </comment>
  </tag>
  <tag>
    <tagname>rightWrite</tagname>
    <function>pageRightWrite</function>
    <attribute>
      <attname>type</attname>
      <attreq>required</attreq>
    </attribute>
    <attribute>
      <attname>pageId</attname>
      <attreq>implied</attreq>
    </attribute>
    <attribute>
      <attname>langId</attname>
      <attreq>implied</attreq>
    </attribute>
    <attribute>
      <attname>verbous</attname>
      <attreq>implied</attreq>
    </attribute>
    <comment>
      Vrátí práva pro zápis do stránky, pokud je nastaven na "value", vrátí pouze id skupin.
      Atributy "pageId" a "langId" jsou povinne pouze pro type = "value". 
			Pokud je "verbous" = "true", vraci textovou podobu pro zvoleny jazyk, defaultně "false".
    </comment>
  </tag>
  <tag>
    <tagname>rightDelete</tagname>
    <function>pageRightDelete</function>
    <attribute>
      <attname>type</attname>
      <attreq>required</attreq>
    </attribute>
    <attribute>
      <attname>pageId</attname>
      <attreq>implied</attreq>
    </attribute>
    <attribute>
      <attname>langId</attname>
      <attreq>implied</attreq>
    </attribute>
    <attribute>
      <attname>verbous</attname>
      <attreq>implied</attreq>
    </attribute>
    <comment>
      Vrátí práva pro smazání stránky, pokud je nastaven na "value", vrátí pouze id skupin.
      Atributy "pageId" a "langId" jsou povinne pouze pro type = "value". 
			Pokud je "verbous" = "true", vraci textovou podobu pro zvoleny jazyk, defaultně "false".
    </comment>
  </tag>
  <tag>
    <tagname>actionEdit</tagname>
    <function>pageActionEdit</function>
    <attribute>
      <attname>pageId</attname>
      <attreq>required</attreq>
    </attribute>
    <attribute>
      <attname>langId</attname>
      <attreq>required</attreq>
    </attribute>
    <attribute>
      <attname>type</attname>
      <attreq>required</attreq>
    </attribute>
    <attribute>
      <attname>detailPageId</attname>
      <attreq>implied</attreq>
    </attribute>
    <comment>
      Zobrazí formulář pro odeslání žádosti na editaci stránky. "type" je "image" nebo "button".
    </comment>
  </tag>
  <tag>
    <tagname>actionDelete</tagname>
    <function>pageActionDelete</function>
    <attribute>
      <attname>pageId</attname>
      <attreq>required</attreq>
    </attribute>
    <attribute>
      <attname>langId</attname>
      <attreq>required</attreq>
    </attribute>
    <attribute>
      <attname>type</attname>
      <attreq>required</attreq>
    </attribute>
    <comment>
      Zobrazí formulář pro odeslání žádosti na smazání stránky. "type" je "image" nebo "button".
    </comment>
  </tag>
  <tag>
    <tagname>actionAddsub</tagname>
    <function>pageActionAddsub</function>
    <attribute>
      <attname>parentPageId</attname>
      <attreq>required</attreq>
    </attribute>
    <attribute>
      <attname>langId</attname>
      <attreq>required</attreq>
    </attribute>
    <attribute>
      <attname>type</attname>
      <attreq>required</attreq>
    </attribute>
    <attribute>
      <attname>detailPageId</attname>
      <attreq>implied</attreq>
    </attribute>
    <comment>
      Zobrazí formulář pro odeslání žádosti na přidání pod stránky stránky. "type" je "image" nebo "button".
    </comment>
  </tag>
  <property>
  	<propname>language</propname>
  	<setfunction>setLanguage</setfunction>
  	<getfunction>getLanguage</getfunction>
    <comment>
      Aktuálně vybraný jazyk.
    </comment>
  </property>
  <property>
  	<propname>pageId</propname>
  	<setfunction>setPageId</setfunction>
  	<getfunction>getPageId</getfunction>
    <comment>
      Aktuálně vybraná stránka ve filtru.
    </comment>
  </property>
  <property>
  	<propname>actionPageId</propname>
  	<setfunction>setActionPageId</setfunction>
  	<getfunction>getActionPageId</getfunction>
    <comment>
      Aktuálně vybraná stránka z odeslané akce.
    </comment>
  </property>
</taglib>