<?xml version="1.0" encoding="utf-8" ?>

<taglib>
  <name>Sport Lib</name>
  <classname>Sport</classname>
  <classpath>php.libs</classpath>
  <version>2.14</version>
  <count>*</count>
  <comment>
    Třída pro "sport".
  </comment>
  <tag>
    <tagname>setFromRequest</tagname>
    <function>setFromRequest</function>
    <comment>
      Nastaví proměnné z requestu pro použití v knihovně.
    </comment>
  </tag>
  <tag>
    <tagname>selectSeason</tagname>
    <function>selectSeason</function>
    <attribute>
      <attname>useFrames</attname>
      <attreq>implied</attreq>
    </attribute>
    <attribute>
      <attname>showMsg</attname>
      <attreq>implied</attreq>
    </attribute>
    <comment>
      Výber sezóny.
    </comment>
  </tag>
  <tag>
    <tagname>selectTable</tagname>
    <function>selectTable</function>
    <attribute>
      <attname>useFrames</attname>
      <attreq>implied</attreq>
    </attribute>
    <attribute>
      <attname>showMsg</attname>
      <attreq>implied</attreq>
    </attribute>
    <comment>
      Výber tabluky.
    </comment>
  </tag>
  <tag>
    <tagname>selectTeam</tagname>
    <function>selectTeam</function>
    <attribute>
      <attname>useFrames</attname>
      <attreq>implied</attreq>
    </attribute>
    <attribute>
      <attname>showMsg</attname>
      <attreq>implied</attreq>
    </attribute>
    <comment>
      Výber týmu.
    </comment>
  </tag>
  <tag>
    <tagname>selectProject</tagname>
    <function>selectProject</function>
    <attribute>
      <attname>useFrames</attname>
      <attreq>implied</attreq>
    </attribute>
    <attribute>
      <attname>showMsg</attname>
      <attreq>implied</attreq>
    </attribute>
    <comment>
      Výber projektu, ukládá se do property sport:projectId
    </comment>
  </tag>
  <tag>
    <tagname>editProjects</tagname>
    <function>showEditProjects</function>
    <attribute>
      <attname>pageId</attname>
      <attreq>implied</attreq>
    </attribute>
    <attribute>
      <attname>useFrames</attname>
      <attreq>implied</attreq>
    </attribute>
    <attribute>
      <attname>showMsg</attname>
      <attreq>implied</attreq>
    </attribute>
    <comment>
      Výpis projektů.
    </comment>
  </tag>
  <tag>
    <tagname>editProjectForm</tagname>
    <function>showEditProjectForm</function>
    <attribute>
      <attname>useFrames</attname>
      <attreq>implied</attreq>
    </attribute>
    <attribute>
      <attname>showMsg</attname>
      <attreq>implied</attreq>
    </attribute>
    <comment>
      Editace projektu
    </comment>
  </tag>
  <tag>
    <tagname>editSeasons</tagname>
    <function>showEditSeasons</function>
    <attribute>
      <attname>pageId</attname>
      <attreq>implied</attreq>
    </attribute>
    <attribute>
      <attname>useFrames</attname>
      <attreq>implied</attreq>
    </attribute>
    <attribute>
      <attname>showMsg</attname>
      <attreq>implied</attreq>
    </attribute>
    <comment>
      Výpis sezón.
    </comment>
  </tag>
  <tag>
    <tagname>editSeasonForm</tagname>
    <function>showEditSeasonForm</function>
    <attribute>
      <attname>useFrames</attname>
      <attreq>implied</attreq>
    </attribute>
    <attribute>
      <attname>showMsg</attname>
      <attreq>implied</attreq>
    </attribute>
    <comment>
      Editace sezóny.
    </comment>
  </tag>
  <tag>
    <tagname>editTeams</tagname>
    <function>showEditTeams</function>
    <attribute>
      <attname>pageId</attname>
      <attreq>implied</attreq>
    </attribute>
    <attribute>
      <attname>useFrames</attname>
      <attreq>implied</attreq>
    </attribute>
    <attribute>
      <attname>showMsg</attname>
      <attreq>implied</attreq>
    </attribute>
    <comment>
      Výpis týmů.
    </comment>
  </tag>
  <tag>
    <tagname>editTeamForm</tagname>
    <function>showEditTeamForm</function>
    <attribute>
      <attname>useFrames</attname>
      <attreq>implied</attreq>
    </attribute>
    <attribute>
      <attname>showMsg</attname>
      <attreq>implied</attreq>
    </attribute>
    <comment>
      Editace týmu.
    </comment>
  </tag>
  <tag>
    <tagname>copyTeamTableStats</tagname>
    <function>showCopyTeamTableStatsForm</function>
    <attribute>
      <attname>useFrames</attname>
      <attreq>implied</attreq>
    </attribute>
    <comment>
      Zkopíruje výsledky týmu z tabulky do jiné tabulky.
    </comment>
  </tag>
  <tag>
    <tagname>editPlayers</tagname>
    <function>showEditPlayers</function>
    <attribute>
      <attname>pageId</attname>
      <attreq>implied</attreq>
    </attribute>
    <attribute>
      <attname>useFrames</attname>
      <attreq>implied</attreq>
    </attribute>
    <attribute>
      <attname>showMsg</attname>
      <attreq>implied</attreq>
    </attribute>
    <comment>
      Výpis hráčů.
    </comment>
  </tag>
  <tag>
    <tagname>editPlayerForm</tagname>
    <function>showEditPlayerForm</function>
    <attribute>
      <attname>useFrames</attname>
      <attreq>implied</attreq>
    </attribute>
    <attribute>
      <attname>showMsg</attname>
      <attreq>implied</attreq>
    </attribute>
    <comment>
      Editace hráče.
    </comment>
  </tag>
  <tag>
    <tagname>editTables</tagname>
    <function>showEditTables</function>
    <attribute>
      <attname>pageId</attname>
      <attreq>implied</attreq>
    </attribute>
    <attribute>
      <attname>useFrames</attname>
      <attreq>implied</attreq>
    </attribute>
    <attribute>
      <attname>showMsg</attname>
      <attreq>implied</attreq>
    </attribute>
    <comment>
      Výpis tabulek.
    </comment>
  </tag>
  <tag>
    <tagname>editRounds</tagname>
    <function>showEditRounds</function>
    <attribute>
      <attname>pageId</attname>
      <attreq>implied</attreq>
    </attribute>
    <attribute>
      <attname>useFrames</attname>
      <attreq>implied</attreq>
    </attribute>
    <attribute>
      <attname>showMsg</attname>
      <attreq>implied</attreq>
    </attribute>
    <comment>
      Výpis kol.
    </comment>
  </tag>
  <tag>
    <tagname>editRoundForm</tagname>
    <function>showEditRoundForm</function>
    <attribute>
      <attname>useFrames</attname>
      <attreq>implied</attreq>
    </attribute>
    <attribute>
      <attname>showMsg</attname>
      <attreq>implied</attreq>
    </attribute>
    <comment>
      Editace kola.
    </comment>
  </tag>
  <tag>
    <tagname>editTableForm</tagname>
    <function>showEditTableForm</function>
    <attribute>
      <attname>useFrames</attname>
      <attreq>implied</attreq>
    </attribute>
    <attribute>
      <attname>showMsg</attname>
      <attreq>implied</attreq>
    </attribute>
    <comment>
      Editace hráče.
    </comment>
  </tag>
  <tag>
    <tagname>editMatches</tagname>
    <function>showEditMatches</function>
    <attribute>
      <attname>pageId</attname>
      <attreq>implied</attreq>
    </attribute>
    <attribute>
      <attname>useFrames</attname>
      <attreq>implied</attreq>
    </attribute>
    <attribute>
      <attname>showMsg</attname>
      <attreq>implied</attreq>
    </attribute>
    <comment>
      Výpis zápasů pro editaci.
    </comment>
  </tag>
  <tag>
    <tagname>editMatchForm</tagname>
    <function>showEditMatchForm</function>
    <attribute>
      <attname>useFrames</attname>
      <attreq>implied</attreq>
    </attribute>
    <attribute>
      <attname>showMsg</attname>
      <attreq>implied</attreq>
    </attribute>
    <comment>
      Editace zápasu.
    </comment>
  </tag>
  <tag>
    <tagname>editStatsForm</tagname>
    <function>showEditStatsForm</function>
    <attribute>
      <attname>useFrames</attname>
      <attreq>implied</attreq>
    </attribute>
    <attribute>
      <attname>showMsg</attname>
      <attreq>implied</attreq>
    </attribute>
    <comment>
      Editace statistik k zápasu.
    </comment>
  </tag>
  <tag>
    <tagname>seasons</tagname>
    <function>showSeasons</function>
    <attribute>
      <attname>templateId</attname>
      <attreq>required</attreq>
    </attribute>
    <attribute>
      <attname>sorting</attname>
      <attreq>required</attreq>
    </attribute>
    <attribute>
      <attname>noDataMessage</attname>
      <attreq>required</attreq>
    </attribute>
    <comment>
      Výpis sezón, sorting má hodnotu DESC nebo ASC, "noDataMessage" je text vypsaný v případě žádných dat.
    </comment>
  </tag>
  <tag>
    <tagname>season</tagname>
    <function>showSeason</function>
    <attribute>
      <attname>field</attname>
      <attreq>required</attreq>
    </attribute>
    <attribute>
      <attname>seasonId</attname>
      <attreq>implied</attreq>
    </attribute>
    <comment>
      Výpis sezóny. "field" jedna z hodnot: row, i, id, start_year, end_year
    </comment>
  </tag>
  <tag>
    <tagname>table</tagname>
    <function>showTable</function>
    <attribute>
      <attname>seasonId</attname>
      <attreq>implied</attreq>
    </attribute>
    <attribute>
      <attname>tableId</attname>
      <attreq>implied</attreq>
    </attribute>
    <attribute>
      <attname>editable</attname>
      <attreq>implied</attreq>
    </attribute>
    <attribute>
      <attname>useFrames</attname>
      <attreq>implied</attreq>
    </attribute>
    <attribute>
      <attname>showMsg</attname>
      <attreq>implied</attreq>
    </attribute>
    <attribute>
      <attname>thenByFix</attname>
      <attreq>implied</attreq>
	  <attdef>false</attdef>
    </attribute>
    <comment>
      Výpis tabulky.
    </comment>
  </tag>
  <tag>
    <tagname>teams</tagname>
    <function>showTeams</function>
    <attribute>
      <attname>templateId</attname>
      <attreq>required</attreq>
    </attribute>
    <attribute>
      <attname>seasonId</attname>
      <attreq>required</attreq>
    </attribute>
    <attribute>
      <attname>noDataMessage</attname>
      <attreq>required</attreq>
    </attribute>
    <attribute>
      <attname>teamId</attname>
      <attreq>implied</attreq>
    </attribute>
    <attribute>
      <attname>sortBy</attname>
      <attreq>implied</attreq>
    </attribute>
    <attribute>
      <attname>sorting</attname>
      <attreq>implied</attreq>
    </attribute>
    <comment>
      List týmů ze sezóny. sortBy může být jeden z fieldů z sport:team field. sorting pak asc nebo desc.
    </comment>
  </tag>
  <tag>
    <tagname>team</tagname>
    <function>showTeam</function>
    <attribute>
      <attname>field</attname>
      <attreq>required</attreq>
    </attribute>
    <attribute>
      <attname>teamId</attname>
      <attreq>implied</attreq>
    </attribute>
    <attribute>
      <attname>seasonId</attname>
      <attreq>implied</attreq>
    </attribute>
    <comment>
      Výpis týmu. Atribut match se používá při zobrazení v zápase, kde nabývá hodnot "home" nebo "away"
    </comment>
  </tag>
  <tag>
    <tagname>matches</tagname>
    <function>showMatches</function>
    <attribute>
      <attname>templateId</attname>
      <attreq>required</attreq>
    </attribute>
    <attribute>
      <attname>noDataMessage</attname>
      <attreq>required</attreq>
    </attribute>
    <attribute>
      <attname>sorting</attname>
      <attreq>implied</attreq>
    </attribute>
    <attribute>
      <attname>matchId</attname>
      <attreq>implied</attreq>
    </attribute>
    <attribute>
      <attname>round</attname>
      <attreq>implied</attreq>
    </attribute>
    <attribute>
      <attname>teamId</attname>
      <attreq>implied</attreq>
    </attribute>
    <attribute>
      <attname>seasonId</attname>
      <attreq>implied</attreq>
    </attribute>
    <attribute>
      <attname>onlyPlayed</attname>
      <attreq>implied</attreq>
    </attribute>
    <comment>
      Výpis zápasů, sorting má hodnotu DESC nebo ASC.
    </comment>
  </tag>
  <tag>
    <tagname>match</tagname>
    <function>showMatch</function>
    <attribute>
      <attname>field</attname>
      <attreq>required</attreq>
    </attribute>
    <attribute>
      <attname>matchId</attname>
      <attreq>implied</attreq>
    </attribute>
    <attribute>
      <attname>scope</attname>
      <attreq>implied</attreq>
    </attribute>
    <attribute>
      <attname>errMsg</attname>
      <attreq>implied</attreq>
    </attribute>
    <comment>
      Výpis zápasu. Atribut scope může mít hodnotu "session" pro políčko "round", jinak nemá vliv.
    </comment>
  </tag>
  <tag>
    <tagname>rounds</tagname>
    <function>showRounds</function>
    <attribute>
      <attname>templateId</attname>
      <attreq>required</attreq>
    </attribute>
    <attribute>
      <attname>sorting</attname>
      <attreq>required</attreq>
    </attribute>
    <attribute>
      <attname>noDataMessage</attname>
      <attreq>required</attreq>
    </attribute>
    <attribute>
      <attname>seasonId</attname>
      <attreq>implied</attreq>
    </attribute>
    <attribute>
      <attname>teamId</attname>
      <attreq>implied</attreq>
    </attribute>
    <attribute>
      <attname>onlyPlayed</attname>
      <attreq>implied</attreq>
    </attribute>
    <attribute>
      <attname>startId</attname>
      <attreq>implied</attreq>
    </attribute>
    <attribute>
      <attname>maxId</attname>
      <attreq>implied</attreq>
    </attribute>
    <attribute>
      <attname>limit</attname>
      <attreq>implied</attreq>
    </attribute>
    <comment>
      Výpis kol, sorting má hodnotu DESC nebo ASC. startId je minimalni id kola, které bude vypsáno. maxId je nejvyšší id kola, které bude vypsáno.
    </comment>
  </tag>
  <tag>
    <tagname>round</tagname>
    <function>showRound</function>
    <attribute>
      <attname>field</attname>
      <attreq>required</attreq>
    </attribute>
    <attribute>
      <attname>roundId</attname>
      <attreq>implied</attreq>
    </attribute>
    <comment>
      Detail kola.
    </comment>
  </tag>
  <tag>
    <tagname>players</tagname>
    <function>showPlayers</function>
    <attribute>
      <attname>templateId</attname>
      <attreq>required</attreq>
    </attribute>
    <attribute>
      <attname>sorting</attname>
      <attreq>required</attreq>
    </attribute>
    <attribute>
      <attname>sortBy</attname>
      <attreq>required</attreq>
    </attribute>
    <attribute>
      <attname>playerId</attname>
      <attreq>implied</attreq>
    </attribute>
    <attribute>
      <attname>tableId</attname>
      <attreq>implied</attreq>
    </attribute>
    <attribute>
      <attname>teamId</attname>
      <attreq>implied</attreq>
    </attribute>
    <attribute>
      <attname>seasonId</attname>
      <attreq>implied</attreq>
    </attribute>
    <attribute>
      <attname>fromMatchId</attname>
      <attreq>implied</attreq>
    </attribute>
    <attribute>
      <attname>only</attname>
      <attreq>implied</attreq>
    </attribute>
    <attribute>
      <attname>scope</attname>
      <attreq>implied</attreq>
    </attribute>
    <attribute>
      <attname>showGolmans</attname>
      <attreq>implied</attreq>
    </attribute>
    <attribute>
      <attname>limit</attname>
      <attreq>implied</attreq>
    </attribute>
    <attribute>
      <attname>offset</attname>
      <attreq>implied</attreq>
    </attribute>
    <attribute>
      <attname>noDataMessage</attname>
      <attreq>implied</attreq>
    </attribute>
    <comment>
      Výpis hráčů, sorting má hodnotu DESC nebo ASC, sortBy je název položky, 
			podle které se budou řadit ( id, name, surname, birthyear, number, position ) a podle
			statistik ( matches, goals, assists, penalty, shoots ). Výběr hráců z určitého zápasu
			( fromMatchId="id zápasu" ), atribut only, pouze hráče který ve statistikách nemá 0
			v ( match, goal, assist, shoot, penalty ) a atribut scope ( total, season, match )
			- vstahuje se k vyberu hráčů a atributu only. Pokud je showGolmans="true", vypíše gólmany,
			pokud "false", vypíše všechny ostatní hráče a pokud není zadán, vypíše všechny.
			Atribut limit je počet hráčů k zobrazení.
    </comment>
  </tag>
  <tag>
    <tagname>player</tagname>
    <function>showPlayer</function>
    <attribute>
      <attname>field</attname>
      <attreq>required</attreq>
    </attribute>
    <attribute>
      <attname>playerId</attname>
      <attreq>implied</attreq>
    </attribute>
    <attribute>
      <attname>tableId</attname>
      <attreq>implied</attreq>
    </attribute>
    <attribute>
      <attname>teamId</attname>
      <attreq>implied</attreq>
    </attribute>
    <attribute>
      <attname>seasonId</attname>
      <attreq>implied</attreq>
    </attribute>
    <attribute>
      <attname>errMsg</attname>
      <attreq>implied</attreq>
    </attribute>
    <comment>
      Výpis detailu hráče.
    </comment>
  </tag>
  <tag>
    <tagname>playersng</tagname>
    <function>showPlayersNG</function>
    <attribute>
      <attname>templateId</attname>
      <attreq>required</attreq>
    </attribute>
    <attribute>
      <attname>noDataMessage</attname>
      <attreq>required</attreq>
    </attribute>
    <attribute>
      <attname>seasonId</attname>
      <attreq>implied</attreq>
    </attribute>
    <attribute>
      <attname>tableId</attname>
      <attreq>implied</attreq>
    </attribute>
    <attribute>
      <attname>matchId</attname>
      <attreq>implied</attreq>
    </attribute>
    <attribute>
      <attname>playerId</attname>
      <attreq>implied</attreq>
    </attribute>
    <attribute>
      <attname>teamId</attname>
      <attreq>implied</attreq>
    </attribute>
    <attribute>
      <attname>includeOnLoan</attname>
      <attreq>implied</attreq>
    </attribute>
    <attribute>
      <attname>positions</attname>
      <attreq>implied</attreq>
    </attribute>
    <attribute>
      <attname>sortBy</attname>
      <attreq>implied</attreq>
    </attribute>
    <attribute>
      <attname>sorting</attname>
      <attreq>implied</attreq>
    </attribute>
    <comment>
      Players NG
    </comment>
  </tag>
  <tag>
    <tagname>playerng</tagname>
    <function>showPlayerNG</function>
    <attribute>
      <attname>field</attname>
      <attreq>required</attreq>
    </attribute>
    <attribute>
      <attname>playerId</attname>
      <attreq>implied</attreq>
    </attribute>
    <comment>
      Player NG
    </comment>
  </tag>
  <tag>
    <tagname>playersstatsng</tagname>
    <function>showPlayersStatsNG</function>
    <attribute>
      <attname>templateId</attname>
      <attreq>required</attreq>
    </attribute>
    <attribute>
      <attname>type</attname>
      <attreq>required</attreq>
    </attribute>
    <attribute>
      <attname>noDataMessage</attname>
      <attreq>required</attreq>
    </attribute>
    <attribute>
      <attname>seasonId</attname>
      <attreq>impled</attreq>
    </attribute>
    <attribute>
      <attname>tableId</attname>
      <attreq>implied</attreq>
    </attribute>
    <attribute>
      <attname>playerId</attname>
      <attreq>implied</attreq>
    </attribute>
    <attribute>
      <attname>matchId</attname>
      <attreq>implied</attreq>
    </attribute>
    <attribute>
      <attname>sortBy</attname>
      <attreq>implied</attreq>
    </attribute>
    <attribute>
      <attname>sorting</attname>
      <attreq>implied</attreq>
    </attribute>
    <attribute>
      <attname>positions</attname>
      <attreq>implied</attreq>
    </attribute>
    <attribute>
      <attname>partWhere</attname>
      <attreq>implied</attreq>
    </attribute>
    <comment>
      Players Stats NG
    </comment>
  </tag>
  <tag>
    <tagname>playerstatsng</tagname>
    <function>showPlayerStatsNG</function>
    <attribute>
      <attname>field</attname>
      <attreq>required</attreq>
    </attribute>
    <comment>
      Player Stats NG
    </comment>
  </tag>
  <tag>
    <tagname>playerSearch</tagname>
    <function>showPlayerSearchForm</function>
    <attribute>
      <attname>pageId</attname>
      <attreq>implied</attreq>
    </attribute>
    <attribute>
      <attname>useFrames</attname>
      <attreq>implied</attreq>
    </attribute>
    <attribute>
      <attname>showMsg</attname>
      <attreq>implied</attreq>
    </attribute>
    <comment>
      Zobrazí vyhledávací formulář pro hráče, aplikuje se na sport:editPlayers, sport:players.
      "pageId" je stránka pro přesměrování po odeslání.
    </comment>
  </tag>
  <property>
  	<propname>projectId</propname>
  	<setfunction>setProjectId</setfunction>
  	<getfunction>getProjectId</getfunction>
    <comment>
      Vrácí / Nastavuje projekt id
    </comment>
  </property>
  <property>
  	<propname>seasonId</propname>
  	<setfunction>setSeasonId</setfunction>
  	<getfunction>getSeasonId</getfunction>
    <comment>
      Vrácí / Nastavuje season id
    </comment>
  </property>
  <property>
  	<propname>teamId</propname>
  	<setfunction>setTeamId</setfunction>
  	<getfunction>getTeamId</getfunction>
    <comment>
      Vrácí / Nastavuje team id
    </comment>
  </property>
  <property>
  	<propname>homeTeamId</propname>
  	<setfunction>setHomeTeamId</setfunction>
  	<getfunction>getHomeTeamId</getfunction>
    <comment>
      Vrácí / Nastavuje home team id v zápase
    </comment>
  </property>
  <property>
  	<propname>awayTeamId</propname>
  	<setfunction>setAwayTeamId</setfunction>
  	<getfunction>getAwayTeamId</getfunction>
    <comment>
      Vrácí / Nastavuje away team id v zápase
    </comment>
  </property>
  <property>
  	<propname>playerId</propname>
  	<setfunction>setPlayerId</setfunction>
  	<getfunction>getPlayerId</getfunction>
    <comment>
      Vrácí / Nastavuje player id
    </comment>
  </property>
  <property>
  	<propname>matchId</propname>
  	<setfunction>setMatchId</setfunction>
  	<getfunction>getMatchId</getfunction>
    <comment>
      Vrácí / Nastavuje match id
    </comment>
  </property>
  <property>
  	<propname>roundId</propname>
  	<setfunction>setRoundId</setfunction>
  	<getfunction>getRoundId</getfunction>
    <comment>
      Vrácí / Nastavuje round id
    </comment>
  </property>
  <property>
  	<propname>projectUrl</propname>
  	<setfunction>setProjectUrl</setfunction>
  	<getfunction>getProjectUrl</getfunction>
    <comment>
      Vrácí / Nastavuje project id z url
    </comment>
  </property>
  <property>
  	<propname>seasonUrl</propname>
  	<setfunction>setseasonUrl</setfunction>
  	<getfunction>getseasonUrl</getfunction>
    <comment>
      Vrácí / Nastavuje season id z url ve tvaru 'start_year-end_year'
    </comment>
  </property>
  <property>
  	<propname>teamUrl</propname>
  	<setfunction>setteamUrl</setfunction>
  	<getfunction>getteamUrl</getfunction>
    <comment>
      Vrácí / Nastavuje team id z url
    </comment>
  </property>
  <property>
  	<propname>playerUrl</propname>
  	<setfunction>setplayerUrl</setfunction>
  	<getfunction>getplayerUrl</getfunction>
    <comment>
      Vrácí / Nastavuje player id z url
    </comment>
  </property>
</taglib>

