<?xml version="1.0" encoding="utf-8" ?>

<taglib>
  <name>User management lib</name>
  <classname>User</classname>
  <classpath>php.libs</classpath>
  <version>1.16</version>
  <count>*</count>
  <comment>
    Třída pro správu uživatelských účtů.
  </comment>
  <tag>
    <tagname>management</tagname>
    <function>showUserManagement</function>
    <attribute>
      <attname>userId</attname>
      <attreq>implied</attreq>
    </attribute>
    <attribute>
      <attname>defaultMainGroupId</attname>
      <attreq>implied</attreq>
    </attribute>
    <comment>
      Správa uživatelů.
    </comment>
  </tag>
  <tag>
    <tagname>newGroup</tagname>
    <function>addNewGroup</function>
    <attribute>
      <attname>useFrames</attname>
      <attreq>implied</attreq>
    </attribute>
    <comment>
      Přidání nové uživatelské skupiny.
    </comment>
  </tag>
  <tag>
    <tagname>deleteGroup</tagname>
    <function>deleteGroup</function>
    <attribute>
      <attname>useFrames</attname>
      <attreq>implied</attreq>
    </attribute>
    <comment>
      Mazání uživatelských skupin.
    </comment>
  </tag>
  <tag>
    <tagname>editGroupPerms</tagname>
    <function>editGroupPerms</function>
    <attribute>
      <attname>useFrames</attname>
      <attreq>implied</attreq>
    </attribute>
    <comment>
      Editace práv skupiny.
    </comment>
  </tag>
  <tag>
    <tagname>showLog</tagname>
    <function>showUserLog</function>
    <attribute>
      <attname>useFrames</attname>
      <attreq>implied</attreq>
    </attribute>
    <comment>
      Výpisu logu uživatelů.
    </comment>
  </tag>
  <tag>
    <tagname>truncateLog</tagname>
    <function>truncateUserLog</function>
    <attribute>
      <attname>useFrames</attname>
      <attreq>implied</attreq>
    </attribute>
    <comment>
      Smaže log uživatelů.
    </comment>
  </tag>
  <tag>
    <tagname>register</tagname>
    <function>registerUser</function>
    <attribute>
      <attname>groups</attname>
      <attreq>required</attreq>
    </attribute>
    <attribute>
      <attname>disableUser</attname>
      <attreq>implied</attreq>
    </attribute>
    <attribute>
      <attname>pageId</attname>
      <attreq>implied</attreq>
    </attribute>
    <comment>
      "Registrační formulář", groups je čárkou oddělený seznam rolí (první se uloží jako uživatelova hlavní!).
    </comment>
  </tag>
  <tag>
    <tagname>changePassword</tagname>
    <function>changePassword</function>
    <comment>
      Formulář pro změnu hesla aktuálního uživatele.
    </comment>
  </tag>
  <property>
  	<propname>userId</propname>
  	<setfunction>setUserId</setfunction>
  	<getfunction>getUserId</getfunction>
    <comment>
      Uchovává hodnotu Id aktuálního uživatele.
    </comment>
  </property>
</taglib>